[{"1":{"Question":"Which among the following was the  \nfirst Indian woman who went into space?" , "Options":{"A":"Kalpana Chawla","B":"Sunita Williams","C":"Koneru Humpy","D":"None of the above"},"Answer":"A"},
 "2":{"Question":"Who was the first Indian to go to space?" , "Options":{"A":"Vikram Ambalal","B":"Ravish Malhotra","C":"Rakesh Sharma","D":"Nagapathi Bhat"},"Answer":"C"},
 "3":{"Question":"Who among the following was the first \nman to climb Mount Everest without supplemental oxygen?" , "Options":{"A":"Junko Tabei","B":"Reinhold Messner","C":"Duncan Chessell","D":"Phu Dorji"},"Answer":"D"},
 "4":{"Question":"Who built the Jama Masjid?" , "Options":{"A":"Jahangir","B":"Akbar","C":"Imam Bukhari","D":"Shah Jahan"},"Answer":"D"},
 "5":{"Question":"Who wrote the Indian National Anthem?" , "Options":{"A":"Bakim Chandra Chatterji","B":"Rabindranath Tagore","C":"Swami Vivekanand","D":"None of the above"},"Answer":"B"},
 "6":{"Question":"Who was the first Indian Scientist to win a Nobel Prize?" , "Options":{"A":"C.V Raman","B":"Amartya Sen","C":"Hargobind Khorana","D":"Subramanian Chrandrashekar"},"Answer":"A"},
 "7":{"Question":"Who was the first Indian to win a Nobel Prize?" , "Options":{"A":"C.V Raman","B":"Rabindranath Tagore","C":"Mother Theresa","D":"Hargobind Khorana"},"Answer":"B"},
 "8":{"Question":"Who was the first Indian woman to win \nthe Miss World Title?" , "Options":{"A":"Aishwarya Rai","B":"Sushmita Sen","C":"Reita Faria","D":"Diya Mirza"},"Answer":"C"},
 "9":{"Question":"Who was the first President of India?" , "Options":{"A":"Abdul Kalam","B":"Lal Bahadur Shastri","C":"Dr. Rajendra Prasad","D":"Zakir Hussain"},"Answer":"C"},
 "10":{"Question":"Who was the first Indian to win the \nBooker Prize?" , "Options":{"A":"Dhan Gopal Mukerji","B":"Nirad C. Chaudhuri","C":"Arundhati Roy","D":"Zakir Hussain"},"Answer":"C"}}]